{
  "users": [
    {
      "name": "chichi",
      "age": 40,
      "email": "chichi@gmail.com",
      "password": "$2a$10$ag/011pRCebb4MS0ZIuua.BGKHqPOjFUtXQjx4U6N0TGLPVyPjn0K",
      "id": 5
    },
    {
      "name": "pavankumar bashetty",
      "age": 30,
      "email": "pavankumar.rb25@gmail.com",
      "password": "$2a$10$Fn9KXctuEgSSZidgzMeyiONmbmDpExHcLbtlEYAY1Gpo9vKzOxUXK",
      "id": 6
    },
    {
      "name": "goku",
      "age": "",
      "email": "goku@gmail.com",
      "password": "$2a$10$YcyvVWDNPlw4ZMZsHs70k.4Jw9QJokHYRPZpqFkGrSNlEfPAdjnq.",
      "id": 7
    }
  ]
}